title,price,location
Micro SD Card Adapter for MacBook Pro or MacBook Air,$20,"Syracuse, NY"
MacBook Cables /Thunderbolt to HDMI,$25,"Syracuse, NY"
Apple MacBook Pro Box / Cover,$20,"Syracuse, NY"
MacBook Pro 15‚Äù 16gb i7 Retina 500gb SSD / Flash Drive w/Ventura OS -,$385,"Syracuse, NY"
2014 MacBook Pro 15 inch,$250,"Syracuse, NY"
"Apple MacBook Mid 2010 13"" - Works But in Poor Cosmetic Shape",$30,"Syracuse, NY"
M1 MacBook Air 2020,$375,"Syracuse, NY"
Apple iMac Desktop,$550,"Syracuse, NY"
"WE BUY USED/NEW GPUs, COMPUTER GRAPHIC CARDS, GAMING SYSTEMS & MORE $$",N/A,"Syracuse, NY"
Wanted Old Motorcycles üìû1(800) 220-9683 www.wantedoldmotorcycles.com,N/A,"Syracuse, NY"
USB SanDisk Extreme Flash Drive 3.0,$20,"Syracuse, NY"
WANTED: INTEL XEON COMPUTER SERVER CPU's/PROCESSORS & MEMORY/RAM +MORE,N/A,"Syracuse, NY"
"WE BUY USED & NEW GPUs, GRAPHIC CARDS, GAMING SYSTEMS, NVIDIA & MORE..",N/A,"Syracuse, NY"
Macbook Pro 2015 256gb i5 8gb,$300,"Syracuse, NY"
2019 Apple Macbook Air,$300,"Syracuse, NY"
MacBook Pro 14inch Case Kit,$15,"Syracuse, NY"
15.4‚Äù Apple MacBook Pro Retina Core i7 2.2GHz 16GB RAM 256GB SSD,$345,"Syracuse, NY"
15.4‚Äù Apple MacBook Pro Retina Core i7 2.2GHz 16GB RAM 256GB SSD,$345,"Syracuse, NY"
Apple MacBook 65 Watt Portable Power Adapter A1021,$19,"Syracuse, NY"
(3) apple MacBook Air 11‚Äù 8GB,N/A,"Syracuse, NY"
"Macbook Pro 14"" 64GB Ram 2TB SDD","$2,000","Syracuse, NY"
"2017 Apple MacBook Pro A1708 13"" 128GB 8GB Core i5 2.3Ghz +Shell; Case",$350,"Syracuse, NY"
WE BUY MACBOOK M4 82% IPHONE IPAD VISION PRO ULTRA 49 PRODUCT  80%,N/A,"Syracuse, NY"
Rare 08 macbook pro Box with inserts. Box only!,$30,"Syracuse, NY"
Macbook air m2 2020,$729,"Syracuse, NY"
"CASH NOW FOR APPLE :IPAD, IPHONE 16 PRO, APPLE WATCH, APPLE PENCIL, MACBOOK",N/A,"Syracuse, NY"
"14"" M3 Pro MacBook Pro (Space Black) / 18GB / 512GB w. Apple Care","$1,350","Syracuse, NY"
"2015 Apple MacBook Air A1466 13"" Core i5 *FOR PARTS/NOT WORKING*",$70,"Syracuse, NY"
üëâ ‚òéÔ∏è DATA SALVAGE‚ö°Rapid Repairs‚ö°Phone + Macbook @OzoGeeks‚ö°,$5,"Syracuse, NY"
"2015 Apple MacBook Air A1466 13"" 500GB 8GB Core i7 Computer + Monitor",$200,"Syracuse, NY"
15.4‚Äù Apple MacBook Pro Retina Core i7 2.2GHz 16GB RAM 256GB SSD,$345,"Syracuse, NY"
15.4‚Äù Apple MacBook Pro Retina Core i7 2.2GHz 16GB RAM 256GB SSD,$345,"Syracuse, NY"
"2019 Apple MacBook Air Rose Gold Retina13.3‚Äù i5, 8GB Ram 121GB",$415,"Syracuse, NY"
"2019 Apple MacBook Air Rose Gold Retina13.3‚Äù i5, 8GB Ram 121GB",$415,"Syracuse, NY"
MacBook Air 15‚Äô2023,"$1,100","Syracuse, NY"
"apple macbook air 2017 13"" i5 128ssd 8g ram notebook for sale",$175,"Syracuse, NY"
"macbook air 2014 11"" core i5 128ssd 4g ram notebook for sale",$125,"Syracuse, NY"
MacBook Pro 13-inch Model#A2338,$750,"Syracuse, NY"
Macbook pro 13inch 2017 intel i5 16gb ram 500gb ssd,$300,"Syracuse, NY"
Macbook pro M1 13inch 2020 16gb ram 1tb storage,$700,"Syracuse, NY"
Macbook pro 15inch 2017 intel i7 16gb 256gb ssd,$300,"Syracuse, NY"
Macbook pro 15inch 2017 intel i7 16gb 500gb ssd,$320,"Syracuse, NY"
Macbook air 13inch 2015 intwl i5 4gb ram 128gb ssd,$140,"Syracuse, NY"
Macbook Pro 13inch 2017 intel i5 8gb ram 500gb ssd,$270,"Syracuse, NY"
Macbook Pro 13inch 2011 intel i7 8gb 500gb,$130,"Syracuse, NY"
Macbook air 11inch 2013 intel i5 4gb ram 128gb ssd,$125,"Syracuse, NY"
"Macbook Pro 8.1, 15""",$30,"Syracuse, NY"
Apple MacBook Pro 2022 13,$645,"Syracuse, NY"
"2024 MacBook Air 15"" 16GB RAM 512GB SSD w. AppleCare+","$1,300","Syracuse, NY"
"Macbook Pro 15"" - 2006",$320,"Syracuse, NY"
MacBook pro for sale,$500,"Syracuse, NY"
MacBook Air M2 for sale,$800,"Syracuse, NY"
MacBook Air for sale,$800,"Syracuse, NY"
MacBook Pro,$320,"Syracuse, NY"
2023 Macbook Pro M2 14 in 16gb 1tb ssd,$350,"Syracuse, NY"
"MacBook Pro (14"", 2021)",$800,"Syracuse, NY"
"Macbook Air 13"" M1 500gb SSD",$450,"Syracuse, NY"
Macbook Pro 2015,$100,"Syracuse, NY"
MacBook Pro M1 Max - 32GB RAM - 1TB SSD - SPACE GRAY,"$1,650","Syracuse, NY"
MACBOOK PRO 2015 13‚Äù,$350,"Syracuse, NY"
